{
  "version": 2,
  "lastKnownName": "tehpp",
  "lastLogin": 1591310510196,
  "lastLogout": 1591310847707,
  "lastIP": "/70.68.240.223",
  "firstJoin": 1590339259092,
  "startedFirstJoin": false,
  "isFrozen": false,
  "fly": true,
  "jailOnNextLogin": false,
  "vanish": false,
  "invulnerable": false,
  "lastLocation": {
    "x": -624.9376981677458,
    "y": 90.5,
    "z": -1368.7830063710674,
    "rotx": 0.0,
    "roty": 0.0,
    "rotz": 0.0,
    "world": "ac6bd4c2-5b9a-465b-bc52-f3a6b549594d"
  },
  "user-prefs": {
    "nucleus:view-staff-chat": true,
    "nucleus:social-spy": true,
    "nucleus:command-spy": true
  },
  "homes": {
    "home": {
      "x": -592.6070546734879,
      "y": 73,
      "z": -1359.5335479349417,
      "rotx": 16.748645782470703,
      "roty": 269.4735412597656,
      "rotz": 0,
      "world": "ac6bd4c2-5b9a-465b-bc52-f3a6b549594d"
    }
  },
  "nickname-text": "{\"text\":\"tehp\"}",
  "mail": [],
  "powertools": {},
  "notes": [],
  "warnings": []
}
