{
  "version": 2,
  "invulnerable": false,
  "lastKnownName": "BangOrangutan666",
  "lastLogin": 1590456886866,
  "lastLogout": 1590457479301,
  "lastIP": "/70.69.32.146",
  "firstJoin": 1590441605190,
  "startedFirstJoin": false,
  "mail": [],
  "isFrozen": false,
  "vanish": false,
  "fly": false,
  "jailOnNextLogin": false,
  "notes": [],
  "warnings": [],
  "powertools": {},
  "lastLocation": {
    "x": -1487.1661841220505,
    "y": 112.01070366313273,
    "z": 1793.5524228872316,
    "rotx": 0.0,
    "roty": 0.0,
    "rotz": 0.0,
    "world": "ac6bd4c2-5b9a-465b-bc52-f3a6b549594d"
  }
}
