{
  "version": 2,
  "homes": {
    "home": {
      "x": -210.09577546138914,
      "y": 70.0,
      "z": 301.69999998807907,
      "rotx": 26.88956642150879,
      "roty": 137.03492736816406,
      "rotz": 0.0,
      "world": "ac6bd4c2-5b9a-465b-bc52-f3a6b549594d"
    },
    "start": {
      "x": -609.2588521972249,
      "y": 76.8636258509568,
      "z": -1374.4687465321394,
      "rotx": 17.892297744750977,
      "roty": 188.127197265625,
      "rotz": 0.0,
      "world": "ac6bd4c2-5b9a-465b-bc52-f3a6b549594d"
    },
    "snow": {
      "x": -875.7491920885773,
      "y": 139.97896943424084,
      "z": -1449.1883046423454,
      "rotx": 20.128782272338867,
      "roty": -253.79010009765625,
      "rotz": 0.0,
      "world": "ac6bd4c2-5b9a-465b-bc52-f3a6b549594d"
    },
    "bug": {
      "x": -572.9599599265781,
      "y": 104.98247085177907,
      "z": -1689.3311745007136,
      "rotx": 27.0740966796875,
      "roty": 66.5260009765625,
      "rotz": 0.0,
      "world": "ac6bd4c2-5b9a-465b-bc52-f3a6b549594d"
    },
    "shaymin": {
      "x": -1192.5538004515363,
      "y": 101.76257417368059,
      "z": -1639.8100907802025,
      "rotx": 14.10279655456543,
      "roty": 348.504150390625,
      "rotz": 0.0,
      "world": "ac6bd4c2-5b9a-465b-bc52-f3a6b549594d"
    },
    "desert": {
      "x": -1786.1363982109565,
      "y": 87.81634921073359,
      "z": -1822.932333106325,
      "rotx": 20.51701545715332,
      "roty": 246.320068359375,
      "rotz": 0.0,
      "world": "ac6bd4c2-5b9a-465b-bc52-f3a6b549594d"
    }
  },
  "jailOnNextLogin": false,
  "invulnerable": false,
  "lastKnownName": "IkDik",
  "lastLogin": 1590875554840,
  "lastLogout": 1590885333991,
  "lastIP": "/205.250.155.247",
  "firstJoin": 1590363757353,
  "startedFirstJoin": false,
  "fly": false,
  "vanish": false,
  "isFrozen": false,
  "lastLocation": {
    "x": -634.6682134816779,
    "y": 109.26252035977673,
    "z": -1375.0395936440848,
    "rotx": 0,
    "roty": 0,
    "rotz": 0,
    "world": "ac6bd4c2-5b9a-465b-bc52-f3a6b549594d"
  }
}
