{
  "firstspawn": {
    "x": -592.3955302567141,
    "y": 73,
    "z": -1359.539339764142,
    "rotx": 18.248558044433594,
    "roty": 268.1230773925781,
    "rotz": 0,
    "world": "ac6bd4c2-5b9a-465b-bc52-f3a6b549594d"
  }
}
